R2_lin,R2_orth,R2_orth_noscale,proc_scale,gap,emb_mean_norm,emb_cov_err,cond_m,cond_La,theta_max_deg,cos_mean,norm_ratio,excited_cos,rho_hat,rho_mod,D_frob,D_struct,D_rel,leak,pred_bias_norm,analytic_whiten_cond,condition,seed,converged,wall_s,L_pred_final,L_sigreg_final,quick,n,m,rho,K,D,nonlinearity_strength,lam,action_scale,action_rank,noise_mode,action_conditioned,steps,world_seed
0.9669509320836966,0.9662719243560585,0.9662641036516235,1.0028530577273231,0.0006790077276381812,0.08018875273227322,0.09287867377577051,1.0137767305334517,1.014028099740031,1.0034934810279235,0.9997067049338484,0.9871115059312624,,0.8940995484590535,0.8941016827498444,0.022309186744393278,0.014804633940079266,0.008763876238731956,0.0,0.0021765544079244137,1.2247449159622192,base,0,True,41.8,1.3795844743939787,1.0387250185012817,False,8,2,0.9,8,64,1.0,0.5,1.0,0,balanced,True,4000,1234
0.9643211797142678,0.9636615848964883,0.9636601778301757,1.00120981818775,0.0006595948177794408,0.07061059354086022,0.0951059568586928,1.015795423720481,1.0162282400965084,0.9427368175698361,0.9997155689021944,0.9861472270453883,,0.893509484827518,0.8935118188912314,0.024219910670413552,0.015798410529197306,0.00951447948598991,0.0,0.0022805980406701565,1.2247449159622192,base,1,True,40.23,1.3862697188977444,1.063876986503601,False,8,2,0.9,8,64,1.0,0.5,1.0,0,balanced,True,4000,1234
0.8462270364657112,0.8444816925611913,0.8384276558218102,0.9219397485069711,0.0017453439045198582,0.07314690011293652,0.38213613173843963,1.0294760572452804,1.0569783396847414,1.4682031677569374,0.9862690888663244,1.0543334409289413,,0.5673890216276055,0.9994648451479236,3.0404989308717827,2.891296118553359,1.1944207845610473,0.0,0.0025483649224042892,1.2247449159622192,base,2,True,41.71,1.390465727461004,4.171441555023193,False,8,2,0.9,8,64,1.0,0.5,1.0,0,balanced,True,4000,1234
0.96780617837604,0.9671517671618027,0.9671411534294522,1.0033237461097047,0.0006544112142372605,0.07784360845140081,0.09290877059333674,1.0152157466265144,1.0154080490703234,1.1462897793591678,0.9996725175409323,0.9876784032494648,,0.8942077010869977,0.8942103752865126,0.022194894721095454,0.014973561303175873,0.008718978091671166,0.0,0.002191666280850768,1.2247449159622192,base,3,True,39.32,1.3779821621853383,1.4187653064727783,False,8,2,0.9,8,64,1.0,0.5,1.0,0,balanced,True,4000,1234
0.9676511571825365,0.9669736263651771,0.9669374144393015,1.0061572153406837,0.0006775308173593286,0.07545471314191493,0.09575365303169081,1.0132958962017902,1.013424798387829,1.1475795151579666,0.9996473807389903,0.9872039518178262,,0.8944202959537506,0.8944232870873197,0.02154358313541915,0.014664964928797262,0.008463118736728345,0.0,0.002366446889936924,1.2247449159622192,base,4,True,40.33,1.3777450186808249,1.01698637008667,False,8,2,0.9,8,64,1.0,0.5,1.0,0,balanced,True,4000,1234
0.9977109856416032,0.9972105089527,0.9968985061012022,1.0180067998458742,0.0005004766889031842,0.08188575878483557,0.09008824969045132,1.0089265158845637,1.0090110781990318,1.1315062968748961,0.9997045511245632,1.0028513139719681,,0.9007317423820498,0.9007359703934241,0.013439678191439425,0.01327935896720737,0.00527960421451765,0.0,0.0022865417413413525,1.2247449159622192,nonlin_s=0.00,0,True,41.01,1.2851534037940944,1.0274159908294678,False,8,2,0.9,8,64,0.0,0.5,1.0,0,balanced,True,4000,1234
0.9977834542160136,0.9972181352922692,0.9969018339751533,1.0181325863332245,0.0005653189237443401,0.07446866043927879,0.09181040205440455,1.0124978966623364,1.0127251855564487,1.1384586344731602,0.999718916413868,1.0061020496744373,,0.9007050395011899,0.9007090525956916,0.01348864572497438,0.0133404242026993,0.005298840478417954,0.0,0.0023333062417805195,1.2247449159622192,nonlin_s=0.00,1,True,41.04,1.2854505894115658,1.175693392753601,False,8,2,0.9,8,64,0.0,0.5,1.0,0,balanced,True,4000,1234
0.8746457746909978,0.8728446192965603,0.8687749618015099,0.9360818377826984,0.0018011553944374814,0.07711383061660256,0.38086670473951983,1.0169578043335217,1.018618052433374,0.6329243344625258,0.999043431393831,1.0920388288115561,,0.5618728836998341,1.0146461462910519,3.131382608751501,2.9817641536801043,1.23012326507656,0.0,0.0025322423316538334,1.2247449159622192,nonlin_s=0.00,2,True,41.08,1.3032085700925773,4.373447895050049,False,8,2,0.9,8,64,0.0,0.5,1.0,0,balanced,True,4000,1234
0.9068613449361091,0.8745501098985909,0.8712364673462292,0.9420146683705878,0.032311235037518204,0.07972596374522903,0.3774206604955802,1.0147282142033085,1.0150833826058356,1.3966502977149886,0.999346596069139,1.0946063365610357,,0.5839400477707385,0.9933899055984803,2.5930419737144166,2.43407385471753,1.018643090841563,0.0,0.0025498538743704557,1.2247449159622192,nonlin_s=0.00,3,True,42.58,1.2985005014171633,4.274165153503418,False,8,2,0.9,8,64,0.0,0.5,1.0,0,balanced,True,4000,1234
0.9977757658667694,0.9971940358678997,0.9968320867781487,1.0194217246523385,0.00058172999886974,0.07762969269981954,0.0929689358667156,1.0126181093708964,1.0128662315270542,1.1147929374678347,0.9997049160803944,1.0038789237213464,,0.900755420327187,0.9007599470900216,0.01371831506240792,0.013550899940065619,0.0053890631150456635,0.0,0.0024709964636713266,1.2247449159622192,nonlin_s=0.00,4,True,43.83,1.2874795436235495,0.9387491941452026,False,8,2,0.9,8,64,0.0,0.5,1.0,0,balanced,True,4000,1234
0.9958558622158529,0.995286813820206,0.9950134385564912,1.0168524647733768,0.000569048395646865,0.08234739883272663,0.08879567789021635,1.0106942902303082,1.0108330926979376,1.1410220317830622,0.9997179105873215,1.0035149308839033,,0.9005358070135128,0.9005399474048774,0.013451950826801656,0.013366310927135219,0.0052844253610107965,0.0,0.0022542926017194986,1.2247449159622192,nonlin_s=0.25,0,True,39.71,1.2890172218574554,1.0298314094543457,False,8,2,0.9,8,64,0.25,0.5,1.0,0,balanced,True,4000,1234
0.9960032131875491,0.995426292629651,0.9951437254576714,1.0171370383170788,0.0005769205578981529,0.07383499459714901,0.09146777034852874,1.012251932645975,1.0123321144407702,1.1869165111954159,0.999687197466194,1.0054608689008084,,0.900524169206619,0.900528301767691,0.013351367603557124,0.013268797610483553,0.005244912539216459,0.0,0.0023343998473137617,1.2247449159622192,nonlin_s=0.25,1,True,39.52,1.2890510457438673,1.1409201622009277,False,8,2,0.9,8,64,0.25,0.5,1.0,0,balanced,True,4000,1234
0.8726265467230121,0.8717339667721273,0.8675572947220644,0.9352623883104431,0.0008925799508847643,0.07028134461734892,0.38136082305453467,1.01524389030783,1.0157980800128188,0.9439790894927577,0.9994783321815159,1.092921064918511,,0.5700565474107858,1.0059150501058618,3.0721510600838746,2.9269797882326665,1.2068549152304155,0.0,0.0025374777615070343,1.2247449159622192,nonlin_s=0.25,2,True,41.45,1.309206384283552,4.38040018081665,False,8,2,0.9,8,64,0.25,0.5,1.0,0,balanced,True,4000,1234
0.9959009808431709,0.9953658246233633,0.9950747809661491,1.0173971547086214,0.0005351562198075976,0.07778676275903713,0.08895773380004224,1.0140971691153458,1.0141392745095985,1.2463886701803615,0.9996795759752337,1.0047437915370114,,0.9005131870508192,0.9005177338121071,0.013565767636758406,0.013487889530296959,0.005329136826640485,0.0,0.002209521597251296,1.2247449159622192,nonlin_s=0.25,3,True,41.78,1.2894971188987403,1.4662433862686157,False,8,2,0.9,8,64,0.25,0.5,1.0,0,balanced,True,4000,1234
0.9960886754620596,0.9954700783678411,0.9951494797201245,1.0182739045423845,0.0006185970942185204,0.0774128446903844,0.09067074846973763,1.0096450423623993,1.0098408412901556,1.2443293257588073,0.9996627429784113,1.0034672336506052,,0.9005584567785259,0.9005627510071114,0.013547492430131453,0.013455094178660245,0.005321957647455205,0.0,0.002413923852145672,1.2247449159622192,nonlin_s=0.25,4,True,41.2,1.2910074341414959,0.9231749773025513,False,8,2,0.9,8,64,0.25,0.5,1.0,0,balanced,True,4000,1234
0.8699986822932028,0.8668175994950547,0.8627997776550798,0.9362578168271272,0.003181082798148105,0.08334864391959924,0.37842325319719083,1.009049164160806,1.0089858791142376,1.085533428169307,0.9992887731557532,1.0860457015563914,,0.5823716167360546,0.993450299187486,2.8009842027495013,2.65300022337227,1.1003305132003154,0.0,0.0024185494985431433,1.2247449159622192,nonlin_s=0.50,0,True,41.8,1.3126279671658303,3.451775550842285,False,8,2,0.9,8,64,0.5,0.5,1.0,0,balanced,True,4000,1234
0.9917903764537137,0.9912208637926897,0.9909716008079084,1.0161133498088928,0.0005695126610240075,0.07459743336538727,0.09250001251271193,1.0105113594615407,1.0106100611819084,1.2426095016281897,0.9996676860932998,1.0016290512432413,,0.899904653429985,0.8999086860759573,0.013169185000335818,0.013166423425735669,0.005173344453576457,0.0,0.0023145326413214207,1.2247449159622192,nonlin_s=0.50,1,True,39.35,1.2973612698825385,1.1244922876358032,False,8,2,0.9,8,64,0.5,0.5,1.0,0,balanced,True,4000,1234
0.8683362555476288,0.8643857286086621,0.8602643703491106,0.9354095667716129,0.003950526938966692,0.0625737910141459,0.37865216574085653,1.0124073524054702,1.0121013991411607,1.0883896656160321,0.9994658512907131,1.0889831005019175,,0.5817480906844144,0.9934524839893963,3.04154995766707,2.9052972176217065,1.194833666880023,0.0,0.0024822019040584564,1.2247449159622192,nonlin_s=0.50,2,True,39.87,1.3145624250966894,4.3116302490234375,False,8,2,0.9,8,64,0.5,0.5,1.0,0,balanced,True,4000,1234
0.9919499594624931,0.9914053887068305,0.9911480491322696,1.0163750121540343,0.00054457075566261,0.07822744277032587,0.08841071537546463,1.0106225225446919,1.0107497972767918,1.207535671392586,0.9996752830984754,1.0015668725815425,,0.8999309390783314,0.8999354002321569,0.013555326747316302,0.013553919283339969,0.005325035257903746,0.0,0.0022709467448294163,1.2247449159622192,nonlin_s=0.50,3,True,42.59,1.2966423556327604,1.4413150548934937,False,8,2,0.9,8,64,0.5,0.5,1.0,0,balanced,True,4000,1234
0.9921052792891873,0.9915035926078687,0.9912234187202151,1.0170973661227334,0.0006016866813186583,0.07648640617350043,0.09078391018518635,1.0078494416720247,1.0080291528720497,1.2726412731496646,0.9996728670922113,1.0005203029946375,,0.900064535439014,0.9000690581467535,0.013391200542243019,0.013389956436802172,0.005260560395360561,0.0,0.0024312532041221857,1.2247449159622192,nonlin_s=0.50,4,True,43.97,1.2973577392033004,0.9290451407432556,False,8,2,0.9,8,64,0.5,0.5,1.0,0,balanced,True,4000,1234
0.982452810945582,0.9818460778058613,0.9817028264833021,1.0122265902227168,0.0006067331397207054,0.08123482368018035,0.09247397102395485,1.0138475297688825,1.014037228214979,1.100580428839275,0.9996985697433836,0.9951932473134693,,0.8976723775267598,0.8976746900070329,0.014690281149110708,0.013132469273386948,0.005770887454485049,0.0,0.002087851520627737,1.2247449159622192,nonlin_s=0.75,0,True,40.48,1.32877660682853,1.056199312210083,False,8,2,0.9,8,64,0.75,0.5,1.0,0,balanced,True,4000,1234
0.9813755267582692,0.9808049634363799,0.9806787424016746,1.0114743853165409,0.0005705633218893169,0.0749040173596656,0.09373712054840463,1.0127512412519086,1.0130301805797497,0.9996511845412955,0.9996841150386424,0.9947212709120336,,0.8975372463464723,0.8975399782522565,0.015434929444781365,0.013773735967473137,0.006063412931967119,0.0,0.002229748060926795,1.2247449159622192,nonlin_s=0.75,1,True,40.01,1.3311216032967679,1.0512471199035645,False,8,2,0.9,8,64,0.75,0.5,1.0,0,balanced,True,4000,1234
0.8595110032893876,0.8572645482474448,0.852665806425272,0.9317560284050399,0.002246455041942763,0.06856264985675548,0.3795410937832727,1.0325952722458658,1.0470049069939606,1.553909476168102,0.9922727040107457,1.0722761588003076,,0.5743511375039825,0.9971000607415319,3.080344313513483,2.9394121243260956,1.210073529152669,0.0,0.0024369582533836365,1.2247449159622192,nonlin_s=0.75,2,True,40.31,1.3455082723959477,4.229543685913086,False,8,2,0.9,8,64,0.75,0.5,1.0,0,balanced,True,4000,1234
0.9824505680313639,0.981885096222959,0.9817394598183921,1.0123289559123503,0.0005654718084048271,0.07986686560973207,0.0915465557295622,1.0138483173386887,1.0140998065869788,1.188269261926855,0.9996660548972183,0.9959917099326236,,0.8978033214807513,0.8978069793344037,0.015363043038082539,0.01405061988862215,0.006035173284382745,0.0,0.0022132988087832928,1.2247449159622192,nonlin_s=0.75,3,True,39.6,1.327356023931149,1.4484872817993164,False,8,2,0.9,8,64,0.75,0.5,1.0,0,balanced,True,4000,1234
0.9830900336823125,0.9825182110849859,0.9823141652284693,1.0146216953226912,0.0005718225973265767,0.07633141029473169,0.09355237052450174,1.0105330857696024,1.0106100569752783,1.2877132234698072,0.9996778789330472,0.9948157892900243,,0.8981323242187496,0.8981361137181757,0.014267403513579946,0.013253418443117199,0.005604765430209529,0.0,0.0023567788302898407,1.2247449159622192,nonlin_s=0.75,4,True,40.77,1.3251431026375118,0.9597020149230957,False,8,2,0.9,8,64,0.75,0.5,1.0,0,balanced,True,4000,1234
0.006278777944506264,0.003916340053725209,7.443606690826776e-05,104.72454887014504,0.002362437890781055,0.04868985160044794,0.9999996481323962,1.5719898048637577,4.956009290873021,40.741576255773296,0.4851655935541212,0.00011619061805840773,,-0.03295820392668256,0.5617740623175049,3.70799184211483,2.6049789670930776,1.45663676452433,0.0,0.029972923919558525,1.2247449159622192,sigreg_off,0,False,34.48,2.947512791489704e-06,209.50619506835938,False,8,2,0.9,8,64,1.0,0.0,1.0,0,balanced,True,4000,1234
0.005131687264843032,0.003845757430151364,7.302515181950575e-05,104.8245309800798,0.001285929834691668,0.02832996833494475,0.9999996551327777,1.5877591176227912,1.8123036536932497,56.030443804563525,0.5110297209703492,4.678506468992445e-05,,-0.15421231242726205,0.5999754598873566,3.8881031617606236,2.4952830298599555,1.5273911731298848,0.0,0.023727603256702423,1.2247449159622192,sigreg_off,1,False,35.15,2.980345334711967e-06,209.4123992919922,False,8,2,0.9,8,64,1.0,0.0,1.0,0,balanced,True,4000,1234
0.006363554244750436,0.004112039501891318,7.547807762753322e-05,108.45752085620478,0.0022515147428591176,0.05237194013120296,0.9999996555439499,1.3205137531583726,11.541196101738153,39.41618228666681,0.4178822139333582,7.31489810433164e-05,,-0.05329088214784879,0.47956455277123167,3.739740944544667,2.591438651485705,1.469108989871399,0.0,0.029999148100614548,1.2247449159622192,sigreg_off,2,False,35.19,2.8028152261940985e-06,209.515380859375,False,8,2,0.9,8,64,1.0,0.0,1.0,0,balanced,True,4000,1234
0.005872454859719545,0.003554281161728068,6.201497964586355e-05,114.12433619488976,0.002318173697991477,0.054685698883559626,0.9999997310997897,1.457376480573035,3.3397324591926987,66.09435189317094,0.2475635945863614,7.251014967279062e-05,,0.0270443648332727,0.6993646954491599,3.7131228099210216,2.773241546241695,1.45865239904089,0.0,0.0246204175055027,1.2247449159622192,sigreg_off,3,False,36.58,2.4877319408929503e-06,209.53721618652344,False,8,2,0.9,8,64,1.0,0.0,1.0,0,balanced,True,4000,1234
0.005327542682880049,0.004076275556785913,7.471812453230253e-05,108.60844429618618,0.0012512671260941355,0.03160685713795491,0.999999659488142,1.2275514261436993,2.1995082413352125,53.35393958727986,0.3948606540991627,7.153176218333022e-05,,0.03473813179880357,0.5891184610593319,3.628078792243215,2.6783448094337645,1.4252439537079313,0.0,0.024480674415826797,1.2247449159622192,sigreg_off,4,False,37.25,3.0617684007642416e-06,209.42298889160156,False,8,2,0.9,8,64,1.0,0.0,1.0,0,balanced,True,4000,1234
0.4938760366386591,0.4869266956147502,0.4460393637028339,0.7753283569203436,0.006949341023908873,0.06829898947785172,0.8480578809624395,1.0387220348408315,1.0395189451118028,2.7926072525388084,0.998413164984531,1.3808259258742506,,0.22229771866113837,0.7519663886197879,3.3406521578929147,2.7360032498115583,1.3123321080175294,0.0,0.0033176348078995943,1.2247449159622192,lam=0.05(paper),0,True,44.39,0.8885843975851784,19.027069091796875,False,8,2,0.9,8,64,1.0,0.05,1.0,0,balanced,True,4000,1234
0.5026160514420901,0.49300391571008617,0.45190172227388103,0.7759515594885492,0.009612135732003924,0.04706084578846712,0.8514746235540057,1.0432239884643693,1.0439347576108575,2.6321404165519207,0.9984645536087589,1.3808535850605232,,0.08288395288400341,0.8380925370709271,3.686998037307615,2.872720914303099,1.4483896191120587,0.0,0.003189894137904048,1.2247449159622192,lam=0.05(paper),1,True,40.16,0.8897628529518777,20.039045333862305,False,8,2,0.9,8,64,1.0,0.05,1.0,0,balanced,True,4000,1234
0.5091859627767957,0.4999610344662735,0.45903423252288933,0.7775373580754296,0.00922492831052224,0.0508264633848775,0.8548558209823739,1.0424205220523444,1.0429611991459342,2.8249537539538423,0.9983005956817128,1.38167339113293,,0.22489946012501616,0.7084150122120636,3.4896355937884276,2.9208681356608954,1.3708583290209673,0.0,0.003188753966242075,1.2247449159622192,lam=0.05(paper),2,True,40.25,0.8882257322806419,19.38022804260254,False,8,2,0.9,8,64,1.0,0.05,1.0,0,balanced,True,4000,1234
0.49795758438841864,0.48989894291378144,0.44915139819308036,0.7761555869187787,0.008058641474637196,0.062176087521031265,0.847959570666067,1.0440497409366363,1.0446706588858183,2.7943101255609877,0.9983869849644136,1.378819971989229,,0.23304078727960634,0.7673147169661636,3.517715938680748,2.9691158101003263,1.3818893302939768,0.0,0.003128550248220563,1.2247449159622192,lam=0.05(paper),3,True,41.81,0.8867044585398247,20.57828140258789,False,8,2,0.9,8,64,1.0,0.05,1.0,0,balanced,True,4000,1234
0.5015245671579103,0.494481877184734,0.45447267514131295,0.7785438149957026,0.007042689973176253,0.053051263407003814,0.8481579195548022,1.0394837489195101,1.039466500042169,3.1100299830175424,0.9983930688708794,1.3802929780738502,,0.26230031438171864,0.7815636119471129,3.3917079955329004,2.8723502597455908,1.3323887352477477,0.0,0.003364372532814741,1.2247449159622192,lam=0.05(paper),4,True,40.95,0.8892613882825714,20.006378173828125,False,8,2,0.9,8,64,1.0,0.05,1.0,0,balanced,True,4000,1234
0.9646148636219505,0.964141716770471,0.9641156218199126,1.0052296556611933,0.0004731468514794779,0.09699567938939067,0.09215680294630978,,,,,,,0.8935958296060565,0.8935973789683569,0.02408716299614916,0.015877160757697257,0.009462331274512636,0.0,0.0012634433805942535,1.0,symmetric,0,True,39.61,1.546235335035564,1.1796858310699463,False,8,2,0.9,8,64,1.0,0.5,1.0,0,balanced,False,4000,1234
0.9618508230821842,0.9613354437222066,0.961313001063609,1.0048551554458434,0.0005153793599775858,0.10010577165286698,0.09719064509405326,,,,,,,0.8928769081830981,0.8928789725159156,0.026181634355656846,0.016720361278308886,0.010285117330795355,0.0,0.0013832501135766506,1.0,symmetric,1,True,40.67,1.5532106895245499,1.0994137525558472,False,8,2,0.9,8,64,1.0,0.5,1.0,0,balanced,False,4000,1234
0.8426581960248958,0.8418629850500154,0.8363660506612189,0.9252360696452459,0.0007952109748803338,0.10512624132743299,0.3770100040388343,,,,,,,0.5667242947965861,0.9994213116803352,3.064879422759463,2.9163169084692617,1.2039983463068484,0.0,0.0014738868921995163,1.0,symmetric,2,True,39.04,1.5756654636613672,4.320276260375977,False,8,2,0.9,8,64,1.0,0.5,1.0,0,balanced,False,4000,1234
0.964735785395146,0.9642688012445025,0.9642445397408962,1.0050413135887581,0.0004669841506435013,0.10656701286377782,0.0937354062989786,,,,,,,0.8935198262333874,0.8935213196846723,0.024331489907708243,0.016002505577719723,0.009558311950062522,0.0,0.001452755182981491,1.0,symmetric,3,True,38.29,1.5471187255055814,1.4171595573425293,False,8,2,0.9,8,64,1.0,0.5,1.0,0,balanced,False,4000,1234
0.9656074231478304,0.9651363847569042,0.9650573773979674,1.0091303345123344,0.000471038390926215,0.10542256340667304,0.09711369254418395,,,,,,,0.894006177783013,0.894008622077096,0.023032650930096484,0.015591528812688408,0.009048079811874369,0.0,0.0015622873324900866,1.0,symmetric,4,True,39.6,1.5418716120653277,1.0135819911956787,False,8,2,0.9,8,64,1.0,0.5,1.0,0,balanced,False,4000,1234
0.9653807208037698,0.9648882573246399,0.9648666061834923,1.0047595294561988,0.000492463479129901,0.07800699442843004,0.08952763959610124,1.0119886117096335,1.011614282457971,2.2142358475407042,0.9989791608133527,0.9659891112608816,,0.8938462212681777,0.893847997712051,0.023277053001511356,0.015455395659553377,0.009144090013004088,0.0,0.000779759488068521,1.0606603622436523,excite_scale=0.5,0,True,43.98,1.5055740999735416,1.1395177841186523,False,8,2,0.9,8,64,1.0,0.5,0.5,0,balanced,True,4000,1234
0.9627890630454765,0.9622870710542504,0.962270901461242,1.0041160546271912,0.0005019919912261361,0.07401704982141921,0.09437174246364277,1.013059242936833,1.0121726332100098,2.0978539193316412,0.9988835421058905,0.9612406881197625,,0.8931862488389016,0.893188236315238,0.02533322617766364,0.016442466648459744,0.009951831121976956,0.0,0.0009883880848065019,1.0606603622436523,excite_scale=0.5,1,True,42.05,1.5119000878473507,1.0821502208709717,False,8,2,0.9,8,64,1.0,0.5,0.5,0,balanced,True,4000,1234
0.8452427798268451,0.8442690939962855,0.8386688469760456,0.9246889321513643,0.0009736858305596785,0.08226627964996602,0.37826801575273555,1.122948713421957,1.2683847534453605,2.4307652516962666,0.9415947878427534,0.980165340906062,,0.566898008808494,0.9996697459570276,3.051484939535549,2.90239639676015,1.198736496352338,0.0,0.001095030689612031,1.0606603622436523,excite_scale=0.5,2,True,39.63,1.534747102444995,4.295954704284668,False,8,2,0.9,8,64,1.0,0.5,0.5,0,balanced,True,4000,1234
0.9659006902055676,0.9654305194597141,0.9654068710289749,1.0049738814125202,0.00047017074585342655,0.08130156313443056,0.09106703224029537,1.011802810064787,1.0116020395170033,2.3236235735428226,0.9989913289000933,0.9645507541058193,,0.893822923302651,0.8938249398943425,0.023475673804903233,0.015679829348394052,0.009222115633539153,0.0,0.0008649170049466193,1.0606603622436523,excite_scale=0.5,3,True,39.83,1.505680169622317,1.4069907665252686,False,8,2,0.9,8,64,1.0,0.5,0.5,0,balanced,True,4000,1234
0.9662302612460077,0.9657458577963154,0.9656791695944915,1.0083794801420194,0.00048440344969236104,0.07996804925610039,0.0941464596449509,1.0157573375857498,1.0151946311504652,2.252814184048204,0.9989612643190164,0.9649057335586311,,0.8942127004265785,0.8942153553598161,0.02244458917500699,0.015356330695014549,0.008817067336996455,0.0,0.0011768955737352371,1.0606603622436523,excite_scale=0.5,4,True,40.74,1.5021289269391713,1.055410623550415,False,8,2,0.9,8,64,1.0,0.5,0.5,0,balanced,True,4000,1234
0.9646523541961237,0.9641800317722603,0.9641541890456983,1.0052040845558643,0.00047232242386341383,0.09230282813647693,0.09149849130709303,1.1305241582730439,1.1321906094905594,11.293033725510588,0.9766719876098011,0.9799442166188906,,0.8936355039477342,0.8936370451566968,0.02398122413438293,0.015844387996671174,0.009420714559209257,0.0,0.0010173935443162918,1.0024968385696411,excite_scale=0.1,0,True,39.33,1.544488120942641,1.176929235458374,False,8,2,0.9,8,64,1.0,0.5,0.1,0,balanced,True,4000,1234
0.9619202965931579,0.9614118114783626,0.9613898434529243,1.0048031013589276,0.0005084851147952874,0.09426837029693966,0.09663347401396669,1.1681347532869288,1.1633426162546587,11.478521204609423,0.9736072973988752,0.959794731556124,,0.8929236158728595,0.8929256304656279,0.02607966417036929,0.016719664611482825,0.010245059658853311,0.0,0.0011703025083988905,1.0024968385696411,excite_scale=0.1,1,True,39.54,1.551330019017151,1.0987679958343506,False,8,2,0.9,8,64,1.0,0.5,0.1,0,balanced,True,4000,1234
0.843115736505137,0.8423217162663041,0.8368229757701844,0.92524354840312,0.0007940202388329043,0.10029688574005224,0.377150237303267,1.3220340279157359,1.6410779072297859,11.421369690009858,0.8835974893293617,0.9475743654642268,,0.5667091878131039,0.9995070421745833,3.062394987085925,2.9136919763460574,1.2030223678000815,0.0,0.0012716922210529447,1.0024968385696411,excite_scale=0.1,2,True,39.45,1.5740925513671904,4.322568416595459,False,8,2,0.9,8,64,1.0,0.5,0.1,0,balanced,True,4000,1234
0.9647571610581349,0.9642957816678752,0.9642714928284637,1.0050440962504497,0.00046137939025969743,0.10089086276418942,0.0931401920412646,1.1642619205500857,1.169517722908245,10.68170879245139,0.9769598900289478,0.9599907104935048,,0.8935494348406796,0.8935509484495558,0.02427967972619164,0.016019504380889397,0.009537958988570914,0.0,0.0012103820918127894,1.0024968385696411,excite_scale=0.1,3,True,41.73,1.5454802697578416,1.413222312927246,False,8,2,0.9,8,64,1.0,0.5,0.1,0,balanced,True,4000,1234
0.9656389706712526,0.9651690702070435,0.9650914731545424,1.0090475826857859,0.00046990046420913867,0.09970818231847008,0.09645381679945811,1.1725620615115424,1.1736033994702444,11.303197211277869,0.9761783503817292,0.970312982574766,,0.8940406069159509,0.8940430616026924,0.022965101804130927,0.015597466891530694,0.009021544009077996,0.0,0.0013701815623790026,1.0024968385696411,excite_scale=0.1,4,True,41.79,1.540216293347409,1.0224604606628418,False,8,2,0.9,8,64,1.0,0.5,0.1,0,balanced,True,4000,1234
0.9657667274687005,0.9654820539696525,0.9654318508404474,0.9928406623240617,0.0002846734990480382,0.12771743726969104,0.07566283618621615,1847178.3963998933,10042426.456376685,0.9645838706586881,0.5850634252032461,0.8689112190620791,0.9998139103300062,0.8911052644252782,0.8911083835366168,0.029699797856842586,0.015784404492521196,0.011667182480246157,0.0,0.0029024954419583082,1.202039361000061,excite_rank1,0,True,41.17,1.4966727940194322,1.323396921157837,False,8,2,0.9,8,64,1.0,0.5,1.0,1,balanced,True,4000,1234
0.9653092437876069,0.9649987253664465,0.964963863866139,0.994025423051356,0.0003105184211603662,0.1346673018557173,0.07773551252096131,3617712.342505587,9214676.019720728,0.7731321540032589,0.6815361989632607,0.8679281776023715,0.9998989337866622,0.8912676796317097,0.8912700223637546,0.02930865399181338,0.015778778365138756,0.011513526658367452,0.0,0.0028276999946683645,1.202039361000061,excite_rank1,1,True,40.66,1.49359732795166,1.5064114332199097,False,8,2,0.9,8,64,1.0,0.5,1.0,1,balanced,True,4000,1234
0.8407591918764387,0.8386444737930048,0.8317571136844812,0.9169072982537898,0.0021147180834338863,0.13906055837589035,0.3784273202401569,2012611.4036730872,16373634.920513539,6.614991464832564,0.5525324896481961,0.9334538803176663,0.9900727451165099,0.5535654807463293,1.0078819935346695,2.942951742493702,2.7750369276106115,1.1561006299011458,0.0,0.003072068328037858,1.202039361000061,excite_rank1,2,True,41.73,1.5232220305498372,3.786104917526245,False,8,2,0.9,8,64,1.0,0.5,1.0,1,balanced,True,4000,1234
0.9659727556721165,0.9656835528181769,0.9656736103007919,0.9968015507280362,0.00028920285393962963,0.12961257635005963,0.07866735591712494,2856488.2545543844,8508228.31731675,0.9316970859364034,0.6552907673014616,0.8720846749962886,0.9998305612258893,0.8909647762775418,0.8909683628262063,0.030225042156753593,0.01613911495896119,0.011873517928160963,0.0,0.0029677769634872675,1.202039361000061,excite_rank1,3,True,41.95,1.4932863405924046,1.16872239112854,False,8,2,0.9,8,64,1.0,0.5,1.0,1,balanced,True,4000,1234
0.9677887871894186,0.9674467234990954,0.9674233114675299,0.9951047506209149,0.00034206369032319106,0.1273696696439571,0.07460789460063842,3260825.761441953,8834618.586616037,1.0007091616955475,0.670738417458599,0.8696447194053937,0.9997924611817036,0.8916733041405674,0.8916757106648852,0.0285652438709224,0.016164845991265872,0.01122148758187594,0.0,0.0028831688687205315,1.202039361000061,excite_rank1,4,True,43.4,1.487143963312663,1.1917091608047485,False,8,2,0.9,8,64,1.0,0.5,1.0,1,balanced,True,4000,1234
0.9666237758146367,0.9611808801868909,0.9584630908241262,1.0561610860485582,0.005442895627745803,0.07552383038396326,0.09198007133130788,1.0254384703998016,1.0251922444534223,1.3996263879470345,0.9995621838732838,0.8131627923256147,,0.8937677741050722,0.8937697556701032,0.023321231678191254,0.01526940503571126,0.009161445036261978,0.0,0.0016107234405353665,1.2247449159622192,literal_noise,0,True,42.98,1.434259812127278,1.0738612413406372,False,8,2,0.9,8,64,1.0,0.5,1.0,0,literal,True,4000,1234
0.9647195222776709,0.9591140601572816,0.9565777552698648,1.0542117534288564,0.00560546212038926,0.07006361580880392,0.09433862361177299,1.024985640075846,1.024752500491487,1.1334967068583799,0.9995739294324144,0.8120155372556919,,0.8932322561740877,0.8932345289438475,0.024852209328718112,0.01584971471582496,0.009762869857668973,0.0,0.001747672795318067,1.2247449159622192,literal_noise,1,True,39.57,1.440529114249812,1.1037437915802002,False,8,2,0.9,8,64,1.0,0.5,1.0,0,literal,True,4000,1234
0.8560026893685949,0.8505542835266584,0.8501206453780523,0.9779191556696326,0.00544840584193651,0.07202409626052428,0.3797268367127272,1.0386608944602522,1.0564648694671728,1.6679332130458662,0.9896026272734622,0.8679983508110053,,0.5672102877870199,0.9996100184162842,3.0271351366806805,2.877074068439736,1.1891709903972085,0.0,0.0018663133960217237,1.2247449159622192,literal_noise,2,True,41.45,1.4484812528570883,4.2041144371032715,False,8,2,0.9,8,64,1.0,0.5,1.0,0,literal,True,4000,1234
0.9673196662345582,0.9617694337156509,0.9590102996049504,1.0565924399713968,0.005550232518907294,0.07512407366392813,0.09195967937711702,1.0254367479070616,1.0253307897643071,1.5369080538535844,0.99951428167007,0.8134664193774321,,0.8939415439963345,0.893943935168755,0.02282132822463417,0.015072289432918842,0.008965064412957097,0.0,0.0016763480380177498,1.2247449159622192,literal_noise,3,True,40.98,1.432408963989079,1.4119830131530762,False,8,2,0.9,8,64,1.0,0.5,1.0,0,literal,True,4000,1234
0.9677052560107989,0.9622218085709418,0.9591765819061429,1.0596098749907312,0.005483447439857181,0.07314162129573865,0.09425631619402366,1.0255869778010043,1.0254342806383303,1.4043546795739554,0.9995320494661093,0.813092303556846,,0.8942506983876233,0.8942532651836623,0.021884501874130876,0.01464567069267289,0.008597044265604249,0.0,0.0018415775848552585,1.2247449159622192,literal_noise,4,True,40.55,1.4304089520617147,1.020814299583435,False,8,2,0.9,8,64,1.0,0.5,1.0,0,literal,True,4000,1234
0.9946365294050441,0.9945327851405231,0.9944130954530954,1.0110919903800457,0.0001037442645209774,0.12888964050258023,0.06417218953110698,1.0152507037271716,1.0156971390261893,0.3063362399435474,0.9996780889616387,0.996096953702469,,0.89654253423214,0.8965449881708543,0.009758529395964027,0.006885682088812831,0.005421405219980015,0.0,0.0015860896091908216,1.2247449159622192,n=4,0,True,40.23,0.6101306546992082,0.7995108366012573,False,4,2,0.9,4,64,1.0,0.5,1.0,0,balanced,True,4000,1234
0.9440279848218504,0.9434459852149987,0.943179303453208,0.9834652678386533,0.0005819996068516797,0.11413045255176735,0.07257556929837958,1.0269235575955713,1.028401898577646,0.17469579074727165,0.9991339304306528,0.991743250054142,,0.8640842139720916,0.8640842139720915,0.1272758305766182,0.10506836966926823,0.07070879476478789,0.0,0.0015731202438473701,1.2247449159622192,n=4,1,False,41.11,0.6751633950620298,1.4798760414123535,False,4,2,0.9,4,64,1.0,0.5,1.0,0,balanced,True,4000,1234
0.994504172445659,0.9943576810562175,0.9942312392809445,1.0114051004695468,0.00014649138944156093,0.12799211904309413,0.06262262863645697,1.0193234238197788,1.0195926490330836,0.4177838159774596,0.9997023319792473,0.9960753407688744,,0.8966619372367859,0.8966644426822891,0.008934218994778781,0.0059371387891844095,0.004963454997099322,0.0,0.0014648808864876628,1.2247449159622192,n=4,2,True,39.51,0.6118765511005629,1.2356525659561157,False,4,2,0.9,4,64,1.0,0.5,1.0,0,balanced,True,4000,1234
0.7446530153596009,0.6719215270722063,0.6438892093509962,0.830389713910733,0.07273148828739462,0.11687806846031393,0.06289110620347252,1.3926283532389787,1.5619541893150057,0.9587575858180292,0.948778017293195,0.9138707956951644,,0.8504785150289541,0.850478515028954,0.15686570436625633,0.1216443147515395,0.08714761353680907,0.0,0.006252088118344545,1.2247449159622192,n=4,3,True,42.3,0.904168059956253,1.137406826019287,False,4,2,0.9,4,64,1.0,0.5,1.0,0,balanced,True,4000,1234
0.9942085243957949,0.9941476259654778,0.994067341140552,1.0090680045268705,6.089843031709119e-05,0.12517993098174282,0.05950126655285616,1.013851506168838,1.0142281231202968,0.32333817885353233,0.9997334459800618,0.9952616217632692,,0.8935727179050441,0.8935744759253539,0.01845059300367003,0.013235730492667078,0.010250329446483351,0.0,0.001548362779431045,1.2247449159622192,n=4,4,True,43.24,0.6138072234298821,1.4153311252593994,False,4,2,0.9,4,64,1.0,0.5,1.0,0,balanced,True,4000,1234
0.5572663453731408,0.551326331165062,0.49388492054803546,0.7559829460934508,0.00594001420807877,0.1790184005216133,0.765899758503795,1.0386512034621573,1.078471337552119,8.034492150577734,0.9684202327881395,1.1941450801775972,,0.30653474820974225,0.8619118062995567,4.744098248424985,4.1074629772390425,1.3178050690069403,0.0,0.0031518705654889345,1.2247451543807983,n=16,0,True,42.88,3.115453909242454,5.388678550720215,False,16,2,0.9,16,64,1.0,0.5,1.0,0,balanced,True,4000,1234
0.5624755950595952,0.552529993257838,0.4951691801820445,0.7563134564967825,0.009945601801757187,0.19199157752440105,0.7694461484849364,1.0438993117048738,1.0812448275286177,7.729976024009868,0.9687476851139996,1.1948813560961764,,0.32025800878182054,0.8745034695814398,4.682339119112895,4.067761940461733,1.3006497553091376,0.0,0.0030704920645803213,1.2247451543807983,n=16,1,True,41.64,3.144445486457149,5.902490139007568,False,16,2,0.9,16,64,1.0,0.5,1.0,0,balanced,True,4000,1234
0.6023280314980051,0.5967180140108315,0.558120064996847,0.7972383854979,0.005610017487173602,0.19985206478006673,0.6550724865869744,1.0475457317379813,1.0955558959913247,8.382360592756367,0.9614920094454615,1.1311597591840052,,0.4036830286495386,0.8324740756927537,4.478073811279117,4.0139577081050515,1.2439093920219768,0.0,0.0032569204922765493,1.2247451543807983,n=16,2,True,42.4,3.151880670066528,4.438836097717285,False,16,2,0.9,16,64,1.0,0.5,1.0,0,balanced,True,4000,1234
0.6065907619147337,0.6003679957895481,0.5621288805125392,0.7984833199489118,0.006222766125185575,0.18942758103031562,0.6566735833469562,1.0346990699177538,1.064163105971197,7.956981845125879,0.9718203400067658,1.1402396260382095,,0.3979639350436629,0.8561721767846382,4.41734075292907,3.934495642292474,1.2270390980358525,0.0,0.003029013518244028,1.2247451543807983,n=16,3,True,40.57,3.094683792525906,4.461427688598633,False,16,2,0.9,16,64,1.0,0.5,1.0,0,balanced,True,4000,1234
0.6061311986123061,0.600075855668768,0.5626413790409945,0.8001499767100334,0.006055342943538156,0.1964080392635164,0.6538575671918574,1.0437648224224132,1.0954761877633312,7.715286724588817,0.9650460582939477,1.1321089630679546,,0.44476124620996416,0.8242091556655071,4.11809611007458,3.6936213130983675,1.1439155861318278,0.0,0.0035991533659398556,1.2247451543807983,n=16,4,True,40.72,3.104006830496141,4.302862167358398,False,16,2,0.9,16,64,1.0,0.5,1.0,0,balanced,True,4000,1234
0.9657332460994598,0.9653750210155359,0.96534448279306,0.9944070870546358,0.00035822508392391317,0.12360986329699439,0.08199303371204157,1.0,1.0,1.6395251037859029,0.9995906156402847,0.9870690446352262,,0.8915842622518535,0.8915874530209267,0.02857143672440589,0.01580284346983465,0.0112239203644832,0.0,0.001966141862794757,1.2247449159622192,m=1,0,True,40.78,1.4803445425330084,1.3441938161849976,False,8,1,0.9,8,64,1.0,0.5,1.0,0,balanced,True,4000,1234
0.9646967681247477,0.9643384866292131,0.9643143361792202,0.9950205666771382,0.0003582814955346292,0.13176840038864482,0.08264563309504468,1.0,1.0,1.3122716920853688,0.9997377271862108,0.98809868984429,,0.891465418040752,0.8914680064374092,0.028914065523008493,0.015915730310476876,0.01135851766832859,0.0,0.0017929677851498127,1.2247449159622192,m=1,1,True,40.47,1.4804218099362751,1.5216045379638672,False,8,1,0.9,8,64,1.0,0.5,1.0,0,balanced,True,4000,1234
0.8434855738459514,0.8376888960545683,0.8304887203255928,0.9151552553957247,0.0057966777913830425,0.13271070702002327,0.37955079576338957,1.0,1.0,2.554223826498799,0.9990064934890382,1.0702280513073354,,0.5503977481275794,1.0113083760271386,2.962385952353038,2.7924821672813733,1.1637351085558898,0.0,0.0025549521669745445,1.2247449159622192,m=1,2,True,39.89,1.5069577895921462,3.8105950355529785,False,8,1,0.9,8,64,1.0,0.5,1.0,0,balanced,True,4000,1234
0.9636713385680159,0.9633528741923509,0.9633315978737349,0.9953224402948747,0.0003184643756649619,0.12840635936242592,0.08480631361689427,1.0,1.0,1.5457672161568305,0.9996360962073094,0.9894977341343341,,0.890302337706089,0.8903040130503752,0.033287920749524594,0.018860764462043475,0.013076730274216233,0.0,0.0018418862018734217,1.2247449159622192,m=1,3,True,40.26,1.4847632991302873,1.361708641052246,False,8,1,0.9,8,64,1.0,0.5,1.0,0,balanced,True,4000,1234
0.961931651199363,0.9615459785117652,0.9614859630629614,0.99216157325736,0.0003856726875978156,0.12780502190084242,0.0787937842727083,1.0,1.0,1.5859764537547623,0.9996169191170153,0.9878531621759162,,0.8906788676977162,0.8906819082683591,0.031568427012889144,0.017363684081860904,0.01240124934011472,0.0,0.0018968003569170833,1.2247449159622192,m=1,4,True,43.24,1.487033917530135,1.3377536535263062,False,8,1,0.9,8,64,1.0,0.5,1.0,0,balanced,True,4000,1234
0.8426876523601537,0.8414862962878614,0.8352243079933452,0.9205860174613212,0.0012013560722923255,0.169104151192281,0.38216591567287395,1.072560619294637,1.0770857014343158,0.29068890045059537,0.9955200704008308,1.0698034613668965,,0.6161667592823502,0.9427788551479938,2.4386062238001256,2.3026744985921135,0.9579749986071046,0.0,0.006475803907960653,1.2247450351715088,m=4,0,True,42.4,1.395636847853921,3.6543030738830566,False,8,4,0.9,8,64,1.0,0.5,1.0,0,balanced,True,4000,1234
0.843260156664551,0.8387560444991453,0.8325015765787411,0.9205111175320722,0.004504112165405694,0.17349234176656317,0.34533254890415965,1.171811479641935,1.3084345617836317,0.4820631117657504,0.9755502290790998,1.047497071850308,,0.6245813863351944,0.9238307728731823,2.151186932812677,2.005183761623773,0.8450660376620742,0.0,0.040606819093227386,1.2247450351715088,m=4,1,False,39.77,1.750695843311094,2.8989832401275635,False,8,4,0.9,8,64,1.0,0.5,1.0,0,balanced,True,4000,1234
0.8419522845586213,0.8390363799112331,0.8309375238941197,0.9105415795635228,0.0029159046473881123,0.11892229692411933,0.39159422039034864,1.2723635219557474,1.7280774396080147,0.5978285796475596,0.9413561789510173,1.0564719820970565,,0.5941176461055873,0.9633043831728565,2.7151361694339164,2.5736068664767715,1.0666062206953273,0.0,0.004462103359401226,1.2247450351715088,m=4,2,True,40.13,1.4108217726313648,4.0157670974731445,False,8,4,0.9,8,64,1.0,0.5,1.0,0,balanced,True,4000,1234
0.9605701264240106,0.9601394779296364,0.9601279816689561,0.9965516530760358,0.0004306484943742417,0.15064155217881742,0.09863403452742299,1.0595393542270395,1.0524586171186525,0.48003952353308726,0.9995050386157677,0.9878180760286647,,0.8898454234004022,0.8898462930886574,0.03442429555111872,0.018976530685401213,0.013523140456536636,0.0,0.004002348519861698,1.2247450351715088,m=4,3,True,40.53,1.3875711345089252,1.0150229930877686,False,8,4,0.9,8,64,1.0,0.5,1.0,0,balanced,True,4000,1234
0.9594385919354225,0.9590180255436322,0.9590011619982497,0.9958241612796598,0.0004205663917902225,0.15720061885122885,0.0962815902035664,1.0662771419088302,1.0568228552305654,0.5658158182070662,0.9994823656410676,0.9873900084089512,,0.8896574229001999,0.8896580852007272,0.034539470050514894,0.018363653853412036,0.013568385272949303,0.0,0.0037067581433802843,1.2247450351715088,m=4,4,True,40.0,1.3909204299090643,1.0393109321594238,False,8,4,0.9,8,64,1.0,0.5,1.0,0,balanced,True,4000,1234
0.9610536958071858,0.9599101787430416,0.959367173809213,1.0243635578464292,0.0011435170641441728,0.03823178164017395,0.11730418527782387,1.0167275002082337,1.0167505482127455,0.6313533810954058,0.9998312395108697,1.0053068720875205,,0.48852826282382,0.4885589325277324,0.04604521956916058,0.03267041803309837,0.03255888699857696,0.0,0.006436162628233433,1.2247450351715088,rho=0.5,0,True,40.78,4.86524036828171,1.2434332370758057,False,8,2,0.5,8,64,1.0,0.5,1.0,0,balanced,True,4000,1234
0.9601739539802606,0.9591821085327445,0.9585708161929227,1.0258987279377076,0.000991845447516071,0.03599992119653787,0.11713785164431428,1.0164867188463973,1.0165421179990646,0.48776453293506883,0.9998304644591416,1.0048830794884602,,0.48783361539244646,0.4878668037322781,0.049355277729071556,0.035380448334672944,0.03489945156957188,0.0,0.006539708469063044,1.2247450351715088,rho=0.5,1,True,39.48,4.865371454799478,1.532346248626709,False,8,2,0.5,8,64,1.0,0.5,1.0,0,balanced,True,4000,1234
0.9636487150671746,0.9625906120460367,0.9618777868299437,1.027973885859238,0.0010581030211379572,0.03961320987542519,0.11831719179338278,1.017859566573643,1.0180105126497068,0.6381529997128841,0.9998217359568724,1.0055980694249023,,0.4900739900767802,0.49010491994654126,0.040685550096274815,0.02944670784093914,0.02876902836938091,0.0,0.0064171720296144485,1.2247450351715088,rho=0.5,2,True,39.3,4.85028412491307,1.1019927263259888,False,8,2,0.5,8,64,1.0,0.5,1.0,0,balanced,True,4000,1234
0.9627250751386903,0.9616238552275845,0.9609561321548532,1.0270640703720324,0.0011012199111057885,0.039935055921294774,0.11790842054889322,1.0158955727994452,1.0160712036157957,0.5280483100832145,0.9998340146672264,1.0051172387239333,,0.48919756338000275,0.48922925691356,0.044913163704253,0.032918857490693246,0.03175840261981881,0.0,0.006385235581547022,1.2247450351715088,rho=0.5,3,True,41.5,4.860269618156397,1.2123609781265259,False,8,2,0.5,8,64,1.0,0.5,1.0,0,balanced,True,4000,1234
0.9625719740796813,0.961529501149469,0.9607749183816838,1.0288211986623421,0.0010424729302123126,0.04322050909259897,0.1199800118132225,1.0160543807855555,1.0161805412667615,0.6149571302350513,0.999826362052368,1.0047315919193938,,0.48975953459739685,0.4897849166873751,0.041670564254083414,0.02995828553102458,0.029465538559932128,0.0,0.006440863013267517,1.2247450351715088,rho=0.5,4,True,41.04,4.85735001435133,1.1966787576675415,False,8,2,0.5,8,64,1.0,0.5,1.0,0,balanced,True,4000,1234
0.7336891997171597,0.6731481360660798,0.6384215061147889,0.8149090665924468,0.06054106365107992,0.1869339126864436,0.24115168331601988,1.0222638914887978,1.0622596583065997,4.395852378273389,0.9687412940760871,0.9144263008285252,,0.9848446473479275,0.9848450406425023,0.018604134795092778,0.011553897339691633,0.006643994884706416,0.0,0.0012280512601137161,1.2247449159622192,rho=0.99,0,True,43.62,0.22112231247120265,1.5473229885101318,False,8,2,0.99,8,64,1.0,0.5,1.0,0,balanced,True,4000,1234
0.6550762553239773,0.6186427206239995,0.5616278611537254,0.7671178656006891,0.03643353469997779,0.18783882577151767,0.43096173190273607,1.2084074732013659,1.415630302515715,4.858549347019847,0.9225474996810898,0.924570432267299,,0.6504094637930403,1.0741117064875,2.8292869072521913,2.661257324141735,1.0104080596163327,0.0,0.0007954039610922337,1.2247449159622192,rho=0.99,1,True,43.11,0.22834029814532922,3.415614366531372,False,8,2,0.99,8,64,1.0,0.5,1.0,0,balanced,True,4000,1234
0.7527099336273576,0.74691263504747,0.72185343555432,0.8451887849356913,0.005797298579887644,0.21498915190868048,0.4351754962305037,1.1794193981068715,1.4520389649137115,2.329006938424073,0.9032685664590261,0.9421597880121753,,0.625875574536622,1.1020138982721284,3.2474351917968742,3.0797958612818026,1.1597391139310134,0.0,0.0010389398084953427,1.2247449159622192,rho=0.99,2,True,40.07,0.19531863260964713,4.925055980682373,False,8,2,0.99,8,64,1.0,0.5,1.0,0,balanced,True,4000,1234
0.785300579688929,0.7777903374635449,0.7548210156992365,0.8533534752469202,0.007510242225384101,0.20558270157842745,0.4507970364700523,1.2121505275215072,1.473575040546449,3.1870979214031756,0.910719925735926,0.9418830458437977,,0.6746901124715803,1.0526618691879102,2.569352719496691,2.4096080170433454,0.9175791571799028,0.0,0.001349993865005672,1.2247449159622192,rho=0.99,3,True,40.21,0.20142893890103647,3.5646510124206543,False,8,2,0.99,8,64,1.0,0.5,1.0,0,balanced,True,4000,1234
0.7585256166762476,0.7512091913401818,0.7258887996271463,0.8448854327065607,0.007316425336065802,0.1817427254250985,0.43018668669235643,1.3231257383565551,1.687615339341035,4.3798480922640115,0.8893808101014112,0.8895050810308945,,0.7027467566076665,1.0243230181447558,2.5847096873744575,2.453692882430897,0.9230635087581011,0.0,0.0017136845272034407,1.2247449159622192,rho=0.99,4,True,40.43,0.20410679462265147,3.0250141620635986,False,8,2,0.99,8,64,1.0,0.5,1.0,0,balanced,True,4000,1234
0.9559913881556529,0.9145030339346425,0.8488041835040124,0.6266641660816686,0.04148835422101038,0.1120335470012689,0.7702735308750935,1.041316104749344,1.0413324776452935,1.189999816000267,0.9996623824624378,1.331761362370981,,0.8943610113288721,0.8943624907830312,0.025697404135955695,0.020148722874211312,0.01009489373523639,0.009365560269459547,0.005515572614967823,1.2247449159622192,K=16,0,True,39.64,3.429123913113997,5.897830009460449,False,8,2,0.9,16,64,1.0,0.5,1.0,0,balanced,True,4000,1234
0.9566939461638656,0.9131537797048513,0.8419410725479044,0.630900963430554,0.04354016645901426,0.11997454600661574,0.7695924019944022,1.0306011675796432,1.0309307590503785,1.0959816056013199,0.9997054950463498,1.333290689354464,,0.8933314816380808,0.8933337117003933,0.024204513683970898,0.015169224948279625,0.00950843097847689,0.009087943734700678,0.00423947349190712,1.2247449159622192,K=16,1,True,42.52,3.4350397329159397,6.300864219665527,False,8,2,0.9,16,64,1.0,0.5,1.0,0,balanced,True,4000,1234
0.947838652230237,0.8731474014409619,0.8620531069073099,0.6014963792669894,0.07469125078927508,0.1254040647204149,0.6649939958302485,1.0384798000500952,1.0387163857671244,0.7073004885299592,0.9997123432915883,1.2556115576036488,,0.8922655717733539,0.8922687037354001,0.030595934651634328,0.02139018880846913,0.012019218260506167,0.010978043228719462,0.004268337972462177,1.2247449159622192,K=16,2,True,40.92,3.6373115011488175,4.588603973388672,False,8,2,0.9,16,64,1.0,0.5,1.0,0,balanced,True,4000,1234
0.944146649248316,0.8736050116305828,0.8639284979825482,0.6003154405685143,0.07054163761773324,0.11767679493009989,0.6653502822548467,1.0414841532191843,1.0420125013320567,1.1216881428852978,0.9995665336122468,1.268201442351266,,0.8917052273921351,0.8917069161412747,0.028776919169903898,0.01666388478061754,0.011304641492609,0.011394134208668189,0.003992509096860886,1.2247449159622192,K=16,3,True,42.43,3.6086779127844943,5.346067905426025,False,8,2,0.9,16,64,1.0,0.5,1.0,0,balanced,True,4000,1234
0.9496201986585211,0.8717859479153363,0.859546191973299,0.6009178313091068,0.07783425074318484,0.10766661903700946,0.6653955111050964,1.0465817972045774,1.0473663306053156,1.5218474387919099,0.9993754869717805,1.2577393289086076,,0.8923738372791458,0.892376567458033,0.03033637569899211,0.021331404730838006,0.01191725387410006,0.012825870751019177,0.00303794932551682,1.2247449159622192,K=16,4,True,40.39,3.619472139107993,4.984915733337402,False,8,2,0.9,16,64,1.0,0.5,1.0,0,balanced,True,4000,1234
